{
  "kaindor plus 30 sc litro": 3850,
  "tilosin plus 10 gr": 2646,
  "dimaxine 72 sl litro": 238.79999999999998,
  "socofin drog 25 ml": 1338.75,
  "dipiron 500 30 ml": 2016,
  "caja oxyfarm 20 grs": 3000,
  "multipack 26 52 15 gr": 1395,
  "cegar 15 sl litro": 816,
  "oxyfarm inyectable 100 ml": 935.75,
  "nexlabet la 15-30kg": 4180,
  "vitel 15 gr": 3876,
  "terraquat 20 sl galón": 1704.5,
  "socofin bd 100 gr": 10793,
  "vita vet plus 100 gr": 5796,
  "oxyfarm con electrolitos 100 gr": 2675,
  "chemi stress 100gr": 1080,
  "shampoo pets 250ml": 221,
  "electrolitos y vitaminas 20 gr": 2080,
  "tilosin 25 ml": 22.5,
  "ganazoo dp 20ml": 653.25,
  "socofin bd 10gr": 5018,
  "lombrifin 100 gr": 3375,
  "ferradox plus 10 ml": 1569.5,
  "defender 10ml": 1710,
  "pujantex 250 ml": 225,
  "tigent 100ml": 7250,
  "all trompa 100 gr": 1375,
  "ferradox plus 100 ml": 1144,
  "cpf 48 ec litro": 576,
  "jabón pet gold barra": 100,
  "curabichera 400 ml": 8580,
  "coriplus 10 gr": 4097.75,
  "tilosin 10 ml": 12310.5,
  "semevin 36 fs litro": 2658,
  "socofin drog 10 ml": 10881,
  "nexlabet la 30.1-60kg": 1650,
  "cori plus 100 gr": 5957.25,
  "ectogan pour on litro": 5950,
  "jb matagusano": 9800,
  "oxitetraciclina plus 100 ml": 4122.5,
  "jeringa 10ml 100u": 570,
  "revolver 36 5 sl litro": 672,
  "semental 16,5 sl litro": 595,
  "tilosin 100 ml": 14308,
  "oxitetraciclina plus 10ml": 3503,
  "farma-tecnimicina 50ml": 1523.75,
  "nuvan 1l": 4150,
  "anticion anticonceptivo": 6840,
  "verrugan plus 30 ml": 1137.5,
  "foliar plus": 654.5,
  "oxiplus vitaminado 100 gr": 4475,
  "lombrifin 10 gr": 5220,
  "farma-tecnimicina la 100ml": 900,
  "lasonate 90 sp 100 gr": 1325,
  "cpf 2dp": 2535,
  "podador 60 wg 10x10gr": 2835,
  "azotela max 85": 247.5,
  "nexlabet la 7.6-15kg": 2380,
  "anorak 60 ec litro": 5400,
  "mirex 250 grs": 355,
  "mielita vip": 4500,
  "oxiplus vitaminado 10 gr": 4292,
  "vita vet plus 10gr": 9345,
  "cipermetrina 25 ec 250": 1354.6,
  "enrotil 100gr ": 1386,
  "cipermetrina 25 ec 1lt": 1170,
  "leñador 16 ew galón": 5750,
  "crecebest 500ml": 8047.5,
  "multipack 26/52 150 gr": 5467.799999999999,
  "oxitocina 10ml": 3286,
  "sana soco rs 100gr": 77,
  "vermimax plus 100 tabletas": 1925,
  "crecebest 100ml": 2184,
  "oxiplus vitaminado 25 gr": 800,
  "semevin 36 fs": 32409,
  "foranex 25.7": 5100,
  "vayego 20 sc": 312,
  "tilosin plus 100gr": 8946,
  "certero duo 48 sc ": 1105,
  "broximicina 100 gr": 8631,
  "enrotil 10gr": 52,
  "chemiestress 10gr": 1702.5,
  "dimaxine 72 sl caneca": 14450,
  "trimsulfa plus 15 gr": 2358.75,
  "oxitetraciclina plus 250ml": 7426,
  "torban 30 4 sl litro": 1200,
  "cegar 15 sl galon": 1392,
  "blindage 60 fs": 30070,
  "certero 48 sc": 1100,
  "vereta 4 sc litro": 848,
  "tilosin plus 25 gr": 140,
  "enrotil 25ml": 644,
  "vitel 100 gr": 4235,
  "sana soco rs 25ml": 132,
  "oxyfarm inyectable 50ml": 1755,
  "cipermetrina 25 ec 100ml": 189,
  "mirex 500 grs": 2950,
  "verrugan 20 ml": 475,
  "neocan 240ml": 1874.25,
  "jeringa 5 ml 100u": 715,
  "borogluconato de calcio 250 ml": 420,
  "instavit 500ml": 10500,
  "labimin 500 ml": 2775,
  "lannate 100 ml": 2241,
  "proteizoo plus 250ml": 1440,
  "forza 60 wp": 20111,
  "iverplus la 500ml 1%": 1316,
  "farma-tecnimicina 100ml": 2623.5,
  "iverplus la 10ml 1%": 480,
  "jeringa 1 ml 100u": 800,
  "nuvan 100ml": 4400,
  "oxitetraciclina plus 50ml": 2942.5,
  "oxyfarm inyectable 10 ml": 899,
  "farma-tecnimicina la 50ml": 396,
  "trimsulfa plus 100 gr": 3877.5,
  "rata quilla sb caja": 13580,
  "vita b12 con fósforo 250 ml": 8280,
  "proteizoo plus 20ml": 1467.75,
  "tigent 20 ml": 185,
  "defender 100 ml": 2139,
  "oxyfarm inyectable 250 ml": 7326,
  "broncowell 100 gr": 8120,
  "bioxil 7% 500ml": 1144,
  "simparica trio 5-10kg": 1392,
  "defender 50 ml": 3731,
  "iverplus la 100 ml 1%": 427.5,
  "electrolitos y vitaminas 100 gr": 10425,
  "impacto spray 263 gr": 11550,
  "broncobion maxx 30 ml": 5874,
  "pikudo 20 sc": 15776,
  "all trompa 454 gr": 4565
}